{
  "Total" : {
    "transaction" : "Total",
    "sampleCount" : 1,
    "errorCount" : 0,
    "errorPct" : 0.0,
    "meanResTime" : 116.0,
    "minResTime" : 116.0,
    "maxResTime" : 116.0,
    "pct1ResTime" : 116.0,
    "pct2ResTime" : 116.0,
    "pct3ResTime" : 116.0,
    "throughput" : 8.620689655172413,
    "receivedKBytesPerSec" : 75.86038523706897,
    "sentKBytesPerSec" : 0.951306573275862
  },
  "HTTP Request" : {
    "transaction" : "HTTP Request",
    "sampleCount" : 1,
    "errorCount" : 0,
    "errorPct" : 0.0,
    "meanResTime" : 116.0,
    "minResTime" : 116.0,
    "maxResTime" : 116.0,
    "pct1ResTime" : 116.0,
    "pct2ResTime" : 116.0,
    "pct3ResTime" : 116.0,
    "throughput" : 8.620689655172413,
    "receivedKBytesPerSec" : 75.86038523706897,
    "sentKBytesPerSec" : 0.951306573275862
  }
}